{
  "resolved_groups": [
    [
      "lid_top_edge_midpoint",
      "lid_surface_center",
      "lid_bottom_edge_midpoint"
    ],
    [
      "box_outer_bottom_front_corner",
      "box_outer_bottom_right_corner"
    ]
  ],
  "rotation_matrix": [
    [
      0.06964731216430664,
      0.22765032947063446,
      0.971248984336853
    ],
    [
      0.22765032947063446,
      0.9442956447601318,
      -0.2376573383808136
    ],
    [
      -0.971248984336853,
      0.2376573383808136,
      0.013942986726760864
    ]
  ],
  "pivot": [
    0.00013183029659558088,
    0.029810620471835136,
    1.414390206336975
  ],
  "strict_equal_height": true,
  "height_stats_before_projection": {
    "group_1": {
      "z_min": 1.414390206336975,
      "z_max": 1.414390206336975,
      "z_std": 0.0,
      "z_span": 0.0
    },
    "group_2": {
      "z_min": 1.1833363771438599,
      "z_max": 1.3570029735565186,
      "z_std": 0.08683329820632935,
      "z_span": 0.1736665964126587
    }
  },
  "height_stats": {
    "group_1": {
      "z_min": 1.414390206336975,
      "z_max": 1.414390206336975,
      "z_std": 0.0,
      "z_span": 0.0
    },
    "group_2": {
      "z_min": 1.2701696753501892,
      "z_max": 1.2701696753501892,
      "z_std": 0.0,
      "z_span": 0.0
    }
  }
}