{
  "lid_top_left_corner": [
    -0.11146651953458786,
    -0.08476854115724564,
    1.6336873769760132
  ],
  "lid_bottom_left_corner": [
    -0.07282977551221848,
    0.1094021275639534,
    1.4935050010681152
  ],
  "lid_top_right_corner_hinge": [
    0.06960712373256683,
    -0.02969355508685112,
    1.5243966579437256
  ],
  "lid_bottom_right_corner_hinge": [
    0.10294159501791,
    0.13235348463058472,
    1.3422523736953735
  ],
  "lid_surface_center": [
    0.0008618078427389264,
    0.03275037556886673,
    1.4151314496994019
  ],
  "lid_top_edge_midpoint": [
    -0.019232528284192085,
    -0.05554959550499916,
    1.5204555988311768
  ],
  "lid_bottom_edge_midpoint": [
    0.018766211345791817,
    0.11223108321428299,
    1.3075834512710571
  ],
  "box_rim_front_right_corner": [
    0.2742668092250824,
    0.10881637781858444,
    1.3616797924041748
  ],
  "box_rim_back_right_corner": [
    0.259427011013031,
    -0.05527935549616814,
    1.6501569747924805
  ],
  "box_outer_bottom_front_corner": [
    0.10271381586790085,
    0.20882311463356018,
    1.3930045366287231
  ],
  "box_outer_bottom_right_corner": [
    0.27534085512161255,
    0.18270277976989746,
    1.4076995849609375
  ],
  "box_inner_floor_front_left_corner": [
    0.10049507021903992,
    0.12091729044914246,
    1.3641656637191772
  ],
  "box_inner_floor_front_right_corner": [
    0.2258400171995163,
    0.11108393967151642,
    1.5074036121368408
  ],
  "box_inner_floor_back_right_corner": [
    0.1817890852689743,
    0.026932859793305397,
    1.5792486667633057
  ],
  "box_inner_floor_back_left_corner": [
    0.0823683962225914,
    0.04293428361415863,
    1.474882960319519
  ],
  "box_inner_floor_center": [
    0.15124329924583435,
    0.07890260964632034,
    1.5423251390457153
  ],
  "box_rim_front_edge_midpoint": [
    0.18999634683132172,
    0.12183274328708649,
    1.3447967767715454
  ],
  "box_rim_right_edge_midpoint": [
    0.2675328552722931,
    0.03463860973715782,
    1.4932067394256592
  ],
  "box_rim_back_edge_midpoint": [
    0.15414094924926758,
    -0.040840644389390945,
    1.5247451066970825
  ],
  "box_outer_front_wall_center": [
    0.18328021466732025,
    0.15578818321228027,
    1.367906928062439
  ],
  "box_outer_right_wall_center": [
    0.2559589147567749,
    0.07439630478620529,
    1.454239845275879
  ]
}