{
  "lid_top_left_corner": [
    0.17926748096942902,
    -0.1559089720249176,
    1.4986070394515991
  ],
  "lid_bottom_left_corner": [
    0.09000944346189499,
    0.0695565864443779,
    1.5052727460861206
  ],
  "lid_top_right_corner_hinge": [
    0.09826811403036118,
    -0.036706678569316864,
    1.3343045711517334
  ],
  "lid_bottom_right_corner_hinge": [
    -0.039427630603313446,
    0.16719016432762146,
    1.3379006385803223
  ],
  "lid_surface_center": [
    0.0015718394424766302,
    0.03257663547992706,
    1.414390206336975
  ],
  "lid_top_edge_midpoint": [
    0.08236677944660187,
    -0.0804101750254631,
    1.414390206336975
  ],
  "lid_bottom_edge_midpoint": [
    -0.08354324102401733,
    0.1372654289007187,
    1.414390206336975
  ],
  "box_rim_front_right_corner": [
    -0.01398465409874916,
    0.17934934794902802,
    1.1661782264709473
  ],
  "box_rim_back_right_corner": [
    0.22780852019786835,
    -0.04754254221916199,
    1.1456151008605957
  ],
  "box_outer_bottom_front_corner": [
    0.027257833629846573,
    0.22728660702705383,
    1.2701696753501892
  ],
  "box_outer_bottom_right_corner": [
    0.04760709032416344,
    0.2384275197982788,
    1.2701696753501892
  ],
  "box_inner_floor_front_left_corner": [
    -0.020918210968375206,
    0.15062621235847473,
    1.3378643989562988
  ],
  "box_inner_floor_front_right_corner": [
    0.1246928721666336,
    0.13583388924598694,
    1.2157834768295288
  ],
  "box_inner_floor_back_right_corner": [
    0.1722472608089447,
    0.029267670586705208,
    1.2395704984664917
  ],
  "box_inner_floor_back_left_corner": [
    0.06760051846504211,
    0.04654787480831146,
    1.3384804725646973
  ],
  "box_inner_floor_center": [
    0.14608882367610931,
    0.0801638662815094,
    1.2810741662979126
  ],
  "box_rim_front_edge_midpoint": [
    -0.033288296312093735,
    0.1764688342809677,
    1.250883936882019
  ],
  "box_rim_right_edge_midpoint": [
    0.09640516340732574,
    0.07651227712631226,
    1.156923532485962
  ],
  "box_rim_back_edge_midpoint": [
    0.10195645689964294,
    -0.028071487322449684,
    1.2495568990707397
  ],
  "box_outer_front_wall_center": [
    -0.003580384189262986,
    0.20151157677173615,
    1.2657989263534546
  ],
  "box_outer_right_wall_center": [
    0.06680336594581604,
    0.12068124860525131,
    1.177070140838623
  ]
}